Trust Name,Address,Telephone,Website
,"Airedale General Hospital

Skipton Road

Steeton

West Yorkshire

BD20 6TD",01535 652511,http://www.airedale-trust.nhs.uk/
,"Alder Hey Hospital

Eaton Road

Liverpool

L12 2AP",0151 228 4811,https://alderhey.nhs.uk/
,"St. Peter’s Hospital

Guildford Road

Chertsey

Surrey

KT16 0PZ",01784 884488,http://www.ashfordstpeters.nhs.uk/
,"Trust Headquarters

Bath NHS House

Newbridge Hill

Bath

BA1 3QE",01225 731731,http://www.awp.nhs.uk/
,"Queen’s Hospital

Rom Valley Way

Romford

Essex

RM7 0AG",0330 400 4333,https://www.bhrhospitals.nhs.uk/
,"St Ann’s hospital

St Ann’s Road

London

N15 3TH",020 8702 3000,http://www.beh-mht.nhs.uk/
,"Gawber Road

Barnsley

S75 2EP",01226 730 000,http://www.barnsleyhospital.nhs.uk/
,"Executive Offices Ground Floor

Pathology and Pharmacy Building

The Royal London Hospital

80 Newark Street

London

E1 2ES",0207 3777 000,https://bartshealth.nhs.uk/
,"Bedford Hospital

South Wing

Kempston Road

Bedford MK42 9DJ",0845 127 0127,http://www.ldh.nhs.uk/
,"London House

London Road

Bracknell

RG12 2UT",Call switchboard: 0300 247 3000,http://www.berkshirehealthcare.nhs.uk/
,"Unit 1, B1

50 Summer Hill Road

Birmingham

B1 3RB",0121 301 2000,http://www.bsmhft.nhs.uk/
,Not found,Not found,Not found
,"Steelhouse Lane

Birmingham

B4 6NH",0121 333 9999,https://bwc.nhs.uk/
,"Trafalgar House

2nd Floor 47-49 King Street

Dudley DY2 8PS

West Midlands",0845 146 1800,http://www.bcpft.nhs.uk/
,"Blackpool Victoria Hospital

Whinney Heys Road

Blackpool

Lancashire

FY3 8NR",01253 300 000,http://www.bfwhospitals.nhs.uk/
,"Minerva Road

Farnworth

Bolton

BL4 0JR",01204 390 390,http://www.boltonft.nhs.uk/
,"New Mill

Victoria Road

Saltaire

West Yorkshire

BD18 3LD",01274 228300,http://www.bdct.nhs.uk/
,"Bradford Royal Infirmary

Duckworth Lane

Bradford

West Yorkshire

BD9 6RJ",01274 542 200,http://www.bradfordhospitals.nhs.uk/
,"Europa Point

Europa Boulevard

Warrington WA5 7TY

Cheshire",01942 482630,http://www.bridgewater.nhs.uk/
,"Stoke Mandeville Hospital

Hartwell Wing

Mandeville Road

Aylesbury

Buckinghamshire

HP21 8AL",01296 315000,https://www.buckshealthcare.nhs.uk/
,"Huddersfield Royal Infirmary

Acre Street

Huddersfield

West Yorkshire

HD3 3EA",01484 342 000,http://www.cht.nhs.uk/
,"Addenbrooke’s Hospital

Hills Road

Cambridge

Cambridgeshire

CB2 0QQ",01223 245 151,https://www.cuh.nhs.uk/
,"Elizabeth House

Fulbourn Hospital

Fulbourn

Cambridge

CB21 5EF",01223 726 760,http://www.cpft.nhs.uk/
,"Unit 3, Meadow Lane

St Ives

Cambridgeshire

PE27 4LG",01480 308222,http://www.cambscommunityservices.nhs.uk/
,"St Pancras Hospital

St Pancras Way

London

NW1 0PE",020 3317 3500,http://www.candi.nhs.uk/
,"Trust Headquarters

350 Euston Road

Regent’s Place

London NW1 3AX",020 3214 5700,http://www.cnwl.nhs.uk/
,"Ground Floor

15 Marylebone Road

London

NW1 5JD",020 7798 1300,https://www.clch.nhs.uk/
,"369 Fulham Road

London

SW10 9NH",020 8746 8000,http://www.chelwest.nhs.uk/
,"Chief Executive Office

Redesmere Building

Liverpool Road

Countess of Chester Health Park

Chester CH2 1BQ",0124 436 4343,http://www.cwp.nhs.uk/
,"Chesterfield Royal Hospital NHS Foundation Trust

Calow

Chesterfield

Derbyshire

S44 5BL",01246 277 271,http://www.chesterfieldroyal.nhs.uk/
,"Head Office

Carew House

Beacon Technology Park

Dunmere Road

Bodmin PL31 2QN",01208 834600,https://www.cornwallft.nhs.uk/
,"Chief Executive Office

1829 Building

Countess of Chester Health Park

Liverpool Road

Chester CH2 1UL",01244 365000,http://www.coch.nhs.uk/
,"Darlington Memorial Hospital

Hollyhurst Road

Darlington

County Durham

DL3 6HX",0191 333 2333,https://www.cddft.nhs.uk/
,"Wayside House

Wilsons Lane

Coventry

CV6 6NY",024 7636 2100,https://www.covwarkpt.nhs.uk/
,"Croydon University Hospital

530 London Road

Croydon

CR7 7YE",020 8401 3000,https://www.croydonhealthservices.nhs.uk/
,"St Nicholas Hospital

Jubilee Road

Gosforth

Newcastle upon Tyne

NE3 3XT",0844 811 5522,http://www.ntw.nhs.uk/
,"Darent Valley Hospital

Darenth Wood Road

Dartford

Kent

DA2 8DA",01322 428100,https://www.dgt.nhs.uk/
,"Ash Green Specialist Learning Disability Service

Ashgate Road

Chesterfield

Derbyshire

S42 7JE",01629 812525,http://www.dchs.nhs.uk/
,"Derbyshire Healthcare Foundation NHS Trust

Ashbourne Centre

Kingsway Hospital

Derby, DE22 3LZ",01332 623700,http://www.derbyshirehealthcareft.nhs.uk/
,"Wonford House

Dryden Road

Exeter

EX2 5AF",01392 208866,https://www.dpt.nhs.uk/
,"Doncaster Royal Infirmary

Armthorpe Road

Doncaster

DN2 5LT",01302 366 666,http://www.dbth.nhs.uk/
,"Williams Avenue

Dorchester

Dorset

DT1 2JY",01305 251150,http://www.dchft.nhs.uk/
,"Sentinel House

Nuffield Road

Poole, Dorset

BH17 0RB",01202 303 400,http://www.dorsethealthcare.nhs.uk/
,"Macclesfield District General Hospital

Victoria Road

Macclesfield

Cheshire

SK10 3BL",01625 661449,http://www.eastcheshire.nhs.uk/
,"Lister Hospital

Coreys Mill Lane

Stevenage

SG1 4AB",01438 314333,https://www.enherts-tr.nhs.uk/
,"Kent and Canterbury Hospital

Ethelbert Road

Canterbury

Kent

CT1 3NG",01227 766 877,http://www.ekhuft.nhs.uk/
,"Royal Blackburn Hospital

Haslingden Road

Blackburn

Lancashire

BB2 3HH",01254 263555 or 01282 425071,https://www.elht.nhs.uk/
,"9 Alie Street

London

E1 8DE",020 7655 4000,http://www.elft.nhs.uk/
,"1 Horizon Place

Mellors Way

Nottingham Business Park

Nottingham

NG8 6PY",0115 884 5000,https://www.emas.nhs.uk/
,"Whiting Way

Melbourn

Cambridgeshire

SG8 6EN",0345 601 3733,https://www.eastamb.nhs.uk/
,"Turner Road

Colchester

Essex

CO4 5JL",01206 747 474,https://www.esneft.nhs.uk/
,"St. Annes House

729The Ridge

St. Leonards-on-Sea

East Sussex

TN37 7PT",01424 755255,https://www.esht.nhs.uk/
,"St Helier Hospital

Wrythe Lane

Carshalton

Surrey

SM5 1AA",020 8296 2000,https://www.epsom-sthelier.nhs.uk/
,"The Lodge

Lodge Approach

Runwell

Wickford

Essex

SS11 7XX",0300 123 0808,http://www.eput.nhs.uk/
,"Portsmouth Road

Frimley

Surrey

GU16 7UJ",01276 604 604,https://www.fhft.nhs.uk/
,"Queen Elizabeth Hospital

Queen Elizabeth Avenue

Sheriff Hill

Gateshead

Tyne & Wear

NE9 6SX",0191 482 0000,https://www.qegateshead.nhs.uk/
,"College Street

Nuneaton

Warwickshire

CV10 7DJ",02476 865050,http://www.geh.nhs.uk/
,"Edward Jenner Court

1010 Pioneer Avenue

Gloucester Business Park

Brockworth

Gloucester

GL3 4AW",01452 894000,https://www.2gether.nhs.uk/
,"Trust Headquarters

Alexandra House

Sandford Road

Cheltenham GL53 7AN",0300 422 2222,https://www.gloshospitals.nhs.uk/
,"Great Ormond Street

London

WC1N 3JH",020 7405 9200,https://www.gosh.nhs.uk/
,"The Great Western Hospital

Marlborough Road

Swindon

Wiltshire

SN3 6BB",01793 604 020,http://www.gwh.nhs.uk/
,"Trust Headquarters

Prestwich Hospital

Bury New Road

Prestwich

Manchester

M25 3BL",0161 773 9121,http://www.gmw.nhs.uk/
,"Gassiot House

London SE1 7EH",020 7188 7188,http://www.guysandstthomas.nhs.uk/
,"Aldermaston Road

Basingstoke

Hampshire

RG24 9NA",01256 473 202,http://www.hampshirehospitals.nhs.uk/
,"Harrogate District Hospital

Lancaster Park Road

Harrogate

HG2 7SX",01423 885 959,http://www.hdft.nhs.uk/
,"Isaac Maddox House

Shrub Hill Road

Worcester

WR4 9RW",0300 123 1732,http://www.hacw.nhs.uk/
,"Unit 1a, Howard Court

14 Tewin Road

Welwyn Garden City

AL7 1BW",01707 388000,https://www.hct.nhs.uk/
,"Head Office

The Colonnades

Beaconsfield Road

Hatfield AL10 8YE",01727 804700,http://www.hpft.nhs.uk/
,"Trust Offices

Homerton Hospital

Homerton Row

London

E9 6SR",020 8510 5555,http://www.homerton.nhs.uk/
,"Thames House

180 High Street

Teddington

Middlesex

TW11 8HU",020 8973 3000,http://www.hrch.nhs.uk/
,"Hull Royal Infirmary

Anlaby Road

Hull

HU3 2JZ",01482 875 875,https://www.hey.nhs.uk/
,"Trust Headquarters

Willerby Hill

Beverley Road

Willerby

East Yorkshire

HU10 6ED",01482 389135,http://www.humber.nhs.uk/
,"The Bays

South Wharf Road

St Mary’s Hospital

London

W2 1NY",020 3311 3311,http://www.imperial.nhs.uk/
,"South Block

Isle of Wight NHS Trust

St. Mary’s Hospital

Parkhurst Road

Newport

Isle of Wight

PO30 5TG",01983 822099,https://www.iow.nhs.uk/
,"Lowestoft Road

Gorleston

Great Yarmouth

Norfolk

NR31 6LA",01493 452 452,http://www.jpaget.nhs.uk/
,"Farm Villa

Hermitage Lane

Maidstone

ME16 9QQ",01732 520400,https://www.kmpt.nhs.uk/
,"The Oast,

Unit D, Hermitage Court,

Hermitage Lane,

Barming

Maidstone

Kent

ME16 9NT",01622 211900,http://www.kentcht.nhs.uk/home/
,"Rothwell Road

Kettering

Northants

NN16 8UZ",01536 492 000,http://www.kgh.nhs.uk/
,"King’s College Hospital

Denmark Hill

London

SE5 9RS",020 3299 9000,http://www.kch.nhs.uk/
,"Galsworthy Road

Kingston upon Thames

Surrey

KT2 7QB",020 8546 7711,http://www.kingstonhospital.nhs.uk/
,"Sceptre Point

Sceptre Way

Walton Summit

Bamber Bridge

Preston

PR5 6AW",01772 695 300,http://www.lancashirecare.nhs.uk/
,"Royal Preston Hospital

Preston PR2 9HT",01257 261 222,http://www.lancsteachinghospitals.nhs.uk/
,"Stockdale House

8 Victoria Road

Leeds

West Yorkshire

LS6 1PF",0113 220 8500,https://www.leedscommunityhealthcare.nhs.uk/
,"Leeds General Infirmary

Great George Street

Leeds

West Yorkshire

LS1 3EX",0113 2432799,http://www.leedsth.nhs.uk/
,"Trust Headquarters

St. Mary’s House

St. Mary’s Road

Leeds, LS7 3JX",0113 305 5000,https://www.leedsandyorkpft.nhs.uk/
,"Riverside House

Bridge Park Plaza

Bridge Park Road

Thurmaston

Leicester

LE4 8PQ",0116 225 6000,https://www.leicspart.nhs.uk/
,"University Hospital Lewisham

Lewisham High Street

London

SE13 6LH",020 8333 3000,https://www.lewishamandgreenwich.nhs.uk/
,"Beech House

Witham Park

Waterside South

Lincoln

LN5 7JH",01522 308686,https://www.lincolnshirecommunityhealthservices.nhs.uk/
,"Trust Headquarters

St George’s

Long Leys Road

Lincoln

LN1 1FS",01522 309 200,http://www.lpft.nhs.uk/
,"Thomas Drive

Liverpool

L14 3PE",0151 600 1616,http://www.lhch.nhs.uk/
,"Royal Liverpool University Hospital

Prescot Street

Liverpool

L7 8XP",0151 525 5980,http://www.aintreehospitals.nhs.uk/
,"Crown Street

Liverpool

L8 7SS",0151 708 9988,http://www.liverpoolwomens.nhs.uk/
,"220 Waterloo Road

London

SE1 8SD",020 7921 5100,http://www.londonambulance.nhs.uk/
,"Watford Road

Harrow

Middlesex

HA1 3UJ",020 8864 3232,http://www.lnwh.nhs.uk/
,"Maidstone and Tunbridge Wells NHS Trust

Hermitage Lane

Maidstone

ME16 9QQ",01622 729000,https://www.mtw.nhs.uk/
,"Cobbett House

Oxford Road

Manchester

M13 9WL",0161 276 1234,https://mft.nhs.uk/
,"Medway Maritime Hospital

Windmill Road

Gillingham

Kent

ME7 5NY",01634 830 000,http://www.medway.nhs.uk/
,"V7 Building

Kings Business Park

Prescot

Liverpool

L34 1PJ",0151 473 0303,http://www.merseycare.nhs.uk/
,Not found,0151 426 1600,https://www.merseywestlancs.nhs.uk/
,"Prittlewell Chase

Westcliff-on-Sea

Essex

SS0 0RY",01702 435555,http://www.southend.nhs.uk/
,"Leighton Hospital

Middlewich Road

Crewe

Cheshire

CW 4QJ",01270 255 141,http://www.mcht.nhs.uk/
,"Trust Headquarters

Trust Headquarters and Education Centre

Pinderfields Hospital

Aberford Road

Wakefield

WF1 4DG",01924 541000,https://www.midyorks.nhs.uk/
,"Trust Headquarters

St Georges Hospital

Corporation Street

Stafford

Staffordshire

ST16 3AG",0300 790 7000,http://www.mpft.nhs.uk/
,"Standing Way

Eaglestone

Milton Keynes

MK6 5LD",01908 660 033,http://www.mkhospital.nhs.uk/
,"162 City Road

London

EC1V 2PD",020 7253 3411,http://www.moorfields.nhs.uk/
,"Bowthorpe Rd

Norwich

NR2 3TU",01603 697300,http://www.norfolkcommunityhealthandcare.nhs.uk/
,"Colney Lane

Norwich

NR4 7UY",01603 286 286,http://www.nnuh.nhs.uk/
,"Hellesdon Hospital

Drayton High Road

Norwich

NR6 5BE",01603 421 421,http://www.nsft.nhs.uk/
,"Southmead Rd

Bristol

BS10 5NB",0117 950 5050,https://www.nbt.nhs.uk/
,"North Cumbria Integrated Care NHS Foundation Trust

Cumberland Infirmary

Newtown Road

Carlisle

CA2 7HY",01228 602 000,http://www.cumbriapartnership.nhs.uk/
,"Bernicia House

Goldcrest Way

Newburn Riverside

Newcastle upon Tyne

NE15 8NY",0191 430 2000,https://www.neas.nhs.uk/
,"The West Wing

CEME Centre

Marsh Way

Rainham RM13 8GQ",0844 600 1201 x 4282,http://www.nelft.nhs.uk/
,"Mayo Building

Salford Royal

Stott Lane

Salford

M6 8HD",0161 789 7373,http://www.srft.nhs.uk/
,"Sterling Way

Haringey

London

N18 1QX",020 8887 2000,http://www.northmid.nhs.uk/
,"Lawton House

Bellringer Road

Trentham

ST4 8HH",0300 123 1535,https://combined.nhs.uk/
,"University Hospital of North Tees

Hardwick Road

Stockton

TS19 8PE",01642 617 617,http://www.nth.nhs.uk/
,"North West Ambulance Service NHS Trust

Ladybridge Hall Headquarters

Chorley New Road

Bolton

BL1 5DD",01204 498400,http://www.nwas.nhs.uk/
,"Peterborough City Hospital

Edith Cavell Campus

Bretton Gate

Peterborough PE3 9GZ",01733 678 000,http://www.peterboroughandstamford.nhs.uk/
,"North West Boroughs Healthcare NHS Foundation Trust

Hollins Park House

Hollins Lane

Winwick

Warrington

WA2 8WA",01925 664 000,http://www.nwbh.nhs.uk/
,"Cliftonville

Northampton

NN1 5BD",01604 634700,https://www.northamptongeneral.nhs.uk/Home.aspx
,"Sudborough House

St Mary’s Hospital

London Road

Kettering

Northants

NN15 7PW",01536 410141,https://www.nhft.nhs.uk/
,"Diana Princess of Wales Hospital

Scartho Road

Grimsby

North East Lincolnshire

DN33 2BA",01472 874 111,http://www.nlg.nhs.uk/
,"North Tyneside General Hospital

Rake Lane

North Shields

Tyne and Wear

NE29 8NH",0344 811 81 11,http://www.northumbria.nhs.uk/
,"Hucknall Road

Nottingham

NG5 1PB",0115 969 1169,https://www.nuh.nhs.uk/
,"Nottinghamshire Healthcare NHS Trust

Duncan Macmillan House

Porchester Road

Nottingham

NG3 6AA",0115 969 1300,http://www.nottinghamshirehealthcare.nhs.uk/
,"Trust Headquarters

Littlemore Mental Health Centre

Oxford OX4 4XN",01865 901000,http://www.oxfordhealth.nhs.uk/
,"John Radcliffe Hospital

Headley Way

Headington

Oxford OX3 9DU",0300 304 7777,https://www.ouh.nhs.uk/
,"Pinewood House

Pinewood Place

Dartford

Kent

DA2 7WG",01322 625 700,http://www.oxleas.nhs.uk/
,"Trust Headquarters

225 Old Street

Ashton-under-Lyne

Lancashire

OL6 7SR",0161 604 3000,http://www.penninecare.nhs.uk/
,"Queen Alexandra Hospital

Cosham

Portsmouth

PO6 3LY",023 9228 6000,https://www.porthosp.nhs.uk/
,"Holtye Road

East Grinstead

West Sussex

RH19 3DZ",01342 414 000,http://www.qvh.nhs.uk/
,"Woodfield House

Tickhill Road Hospital

Doncaster

DN4 8QN",01302 796000,http://www.rdash.nhs.uk/
,"Royal Berkshire Hospital

London Road

Reading

RG1 5AN",0118 322 5111,http://www.royalberkshire.nhs.uk/
,"Royal Brompton

Sydney Street

London

SW3 6NP",020 7352 8121,http://www.rbht.nhs.uk/
,"Royal Cornwall Hospitals NHS Trust

Treliske

Truro

Cornwall

TR1 3LJ",01872 250000,https://www.royalcornwall.nhs.uk/
,"Barrack Road

Exeter

EX2 5DW",01392 411 611,http://www.rdehospital.nhs.uk/
,"The Royal Free Hospital

Pond Street

London

NW3 2QG",020 7794 0500,http://www.royalfree.nhs.uk/
,"Brockley Hill

Stanmore

Middlesex

HA7 4LP",020 8954 2300,http://www.rnoh.nhs.uk/
,"The Royal Papworth Hospital NHS Foundation Trust

Papworth Road

Cambridge Biomedical Campus

Cambridge

CB2 0AY",01480 830 541,https://royalpapworth.nhs.uk/
,"Egerton Road

Guildford

Surrey

GU2 7XX",01483 571 122,http://www.royalsurrey.nhs.uk/
,"Royal United Hospital

Combe Park

Bath

Avon

BA1 3NG",01225 428331,http://www.ruh.nhs.uk/
,"Salisbury District Hospital

Odstock Road

Salisbury

Wiltshire

SP2 8BJ",01722 336 262,http://www.salisbury.nhs.uk/
,"Dudley Road

Birmingham

West Midlands

B18 7QH",0121 553 1831,https://www.swbh.nhs.uk/
,"Western Bank

Sheffield

South Yorkshire

S10 2TH",0114 271 7000,http://www.sheffieldchildrens.nhs.uk/
,"Centre Court

Atlas Way

Sheffield S4 7QQ",0114 271 6310,http://www.shsc.nhs.uk/
,"Herries Road

Sheffield S5 7AU",0114 243 4343,http://www.sth.nhs.uk/
,"King’s Mill Hospital

Mansfield Road

Sutton in Ashfield

Nottinghamshire

NG17 4JL",01623 622 515,http://www.sfh-tr.nhs.uk/
,"Mytton Oak Road

Shrewsbury

SY3 8XQ",01743 261000,https://www.sath.nhs.uk/
,"William Farr House

Shrewsbury

Shropshire

SY3 8XL",01743 277500,https://www.shropscommunityhealth.nhs.uk/
,"Highpoint Venue

Bursledon Road

Southampton

SO19 8BR",0300 123 3390,https://www.solent.nhs.uk/
,"2nd Floor, Mallard Court

Express Park

Bristol Road

Bridgwater

Somerset

TA6 4RN",01278 432 000,http://www.sompar.nhs.uk/
,"Northern House

Talisman Business Centre

Bicester

Oxfordshire

OX26 6HR",01869 365 000,https://www.scas.nhs.uk/
,"The Horshoe

Bolters Lane

Banstead

SM7 2AS",0300 123 0999,http://www.secamb.nhs.uk/
,"Trust Headquarters

The Maudsley Hospital

Denmark Hill

London

SE5 8AZ",020 3228 6000,https://www.slam.nhs.uk/
,"The Murray Building

The James Cook University Hospital

Marton Road

Middlesbrough

TS4 3BW",01642 850 850,http://www.southtees.nhs.uk/
,"Sunderland Royal Hospital

Kayll Road

Sunderland

Tyne and Wear

SR4 7TP",0191 565 6256,http://www.stsft.nhs.uk/
,"Warwick Hospital

Lakin Road

Warwick

CV34 5BW",01926 495 321,https://www.swft.nhs.uk/
,"Building 28

Trust Headquarters

Springfield University Hospital

61 Glenburnie Road

London

SW17 7DJ",020 3513 5000,http://www.swlstg.nhs.uk/
,"Fieldhead

Ouchthorpe Lane

Wakefield

WF1 3SP",01924 327 000,http://www.southwestyorkshire.nhs.uk/
,"Abbey Court

Eagle Way

Exeter

EX2 7HY",01392 261500,http://www.swast.nhs.uk/
,"Trust Headquarters

Sterne 7

Tatchbury Mount

Calmore

Southampton

SO40 2RZ",023 8087 4300,https://www.southernhealth.nhs.uk/
,"Southport and Ormskirk Hospital NHS Trust

Southport and Formby District General Hospital

Town Lane, Kew

Southport

Merseyside

PR8 6PN",01704 547471,https://www.southportandormskirk.nhs.uk/
,"Blackshaw Road

Tooting

London

SW17 0QT",020 8672 1255,https://www.stgeorges.nhs.uk/
,"Whiston Hospital

Warrington Road

Prescot

Merseyside

L35 5DR",0151 430 1144,http://www.sthk.nhs.uk/
,"Oak House

Stepping Hill Hospital

Poplar Grove

Stockport

Cheshire

SK2 7JE",0161 483 1010,http://www.stockport.nhs.uk/
,"18 Mole Business Park

Leatherhead

Surrey

KT22 7AD",0300 555 5222,http://www.sabp.nhs.uk/
,"Surrey and Sussex Healthcare NHS Trust

Trust Headquarters

East Surrey Hospital

Redhill

Surrey

RH1 5RH",01737 768511,https://www.surreyandsussex.nhs.uk/
,"Brighton General Hospital

Elm Grove

Brighton

BN2 3EW",01273 696011,http://www.sussexcommunity.nhs.uk/
,"Swandean

Arundel Road

Worthing

West Sussex

BN13 3EP",0300 304 0100,http://www.sussexpartnership.nhs.uk/
,"Fountain Street

Ashton-under-Lyne

OL6 9RW",0161 331 6000,http://www.tamesidehospital.nhs.uk/
,"Tavistock Centre

120 Belsize Lane

London

NW3 5BA",020 7435 7111,http://www.tavistockandportman.nhs.uk/
,"West Park Hospital

Edward Pease Way

Darlington

County Durham

DL2 2TS",01325 552 000,http://www.tewv.nhs.uk/
,"Torbay Hospital

Lawes Bridge

Torquay

TQ2 7AA",0300 456 8000,http://www.torbayandsouthdevon.nhs.uk/
,"Wilmslow Road

Manchester

M20 4BX",0845 226 3000,http://www.christie.nhs.uk/
,"Clatterbridge Road

Bebington

Wirral

CH63 4JY",0151 334 1155,http://www.clatterbridgecc.nhs.uk/
,"Russell Hall Hospital

Dudley

West Midlands

DY1 2HQ",01384 456 111,http://www.dgoh.nhs.uk/
,"The Hillingdon Hospital

Pield Heath Road

Uxbridge

Middlesex UB8 3NN",01895 238282,http://www.thh.nhs.uk/
,"Freeman Hospital

High Heaton

Newcastle upon Tyne

NE7 7DN",0191 233 6161,http://www.newcastle-hospitals.org.uk/
,"Hamstel Road

Harlow

Essex

CM20 1QX",01279 444 455,https://www.pah.nhs.uk/
,"The Queen Elizabeth Hospital

Foundation Trust Office

Gayton Road

King’s Lynn

Norfolk

PE30 4ET",01553 613613,http://www.qehkl.nhs.uk/
,"Gobowen

Oswestry

Shropshire

SY10 7AG",01691 404000,http://www.rjah.nhs.uk/
,"Rotherham General Hospital

Moorgate Road

Oakwood

Rotherham

South Yorkshire

S60 2UD",01709 820 000,http://www.therotherhamft.nhs.uk/
,"Royal Orthopaedic Hospital

Bristol Road South

Northfield

Birmingham

B31 2AP",0121 685 4000,http://www.roh.nhs.uk/
,"Fulham Road

London

SW3 6JJ",0207 352 8171,http://www.royalmarsden.nhs.uk/
,"New Cross Hospital

Wolverhampton

WV10 0QP",01902 307999,https://www.royalwolverhampton.nhs.uk/
,"Lower Lane

Fazakerley

Liverpool

L9 7LJ",0151 525 3611,http://www.thewaltoncentre.nhs.uk/
,"250 Euston Road

London

NW1 2PG",0845 1555 000,http://www.uclh.nhs.uk/
,"Greetwell Road

Lincoln

LN2 5QY",01522 512512,https://www.ulh.nhs.uk/
,"Trust Management Offices

Mailpoint 18 – Southampton General Hospital

Tremona Road

Southampton

SO16 6YD",023 8077 7222,http://www.uhs.nhs.uk/home.aspx
,"Trust Headquarters

Queen Elizabeth Medical Centre

PO Box 9551

Main Drive

Edgbaston

Birmingham

B15 2PR",0121 472 1311,http://www.uhb.nhs.uk/
,"Trust Headquarters

Marlborough Street

Bristol

BS1 3NU",0117 923 0000,http://www.uhbristol.nhs.uk/
,"Clifford Bridge Road

Coventry

CV2 2DX",024 7696 4000,https://www.uhcw.nhs.uk/
,"Trust Headquarters

Royal Derby Hospital

Uttoxeter Road

Derby

DE22 3NE",01332 340 141,https://www.uhdb.nhs.uk/
,"Poole Hospital

Longfleet Road

Poole

Dorset

BH15 2JB",Not found,Not found
,"Infirmary Square,

Leicester,

LE1 5WW",0300 303 1573,https://www.leicestershospitals.nhs.uk/
,"Trust Headquarters

Westmorland General Hospital

Burton Road

Kendal

Cumbria

LA9 7RG",01539 732288,https://www.uhmb.nhs.uk/
,"Newcastle Road

Stoke-on-Trent

ST4 6QG",01782 715444,http://www.uhnm.nhs.uk/Pages/Home.aspx
,"University Hospitals Plymouth NHS Trust

Derriford Road

Crownhill

Plymouth

Devon

PL6 8DH",01752 202082,https://www.plymouthhospitals.nhs.uk/
,"Worthing Hospital

Lyndhurst Road

Worthing

West Sussex

BN11 2DH",01903 205111,http://www.westernsussexhospitals.nhs.uk/
,"Moat Road

Walsall

West Midlands

WS2 9PS",01922 721172,https://www.walsallhealthcare.nhs.uk/
,"Warrington Hospital

Lovely Lane

Warrington

WA5 1QG",01925 635 911,https://www.whh.nhs.uk/
,"Vicarage Road

Watford

Hertfordshire

WD18 0HB",01923 244 366,http://www.westhertshospitals.nhs.uk/default.asp
,"Trust Headquarters

1 Armstrong Way

Southall

UB2 4SA",020 8354 8354,http://www.westlondon.nhs.uk/
,"Ambulance Headquarters

Millennium Point

Waterfront Business Park

Waterfront Way

Brierley Hill

DY5 1LX",01384 215555,http://www.wmas.nhs.uk/
,"Hardwick Lane

Bury St Edmunds

Suffolk

IP33 2QZ",01284 713000,http://www.wsh.nhs.uk/
,"Magdala Avenue

London

N19 5NF",020 7272 3070,http://www.whittington.nhs.uk/
,"St Catherine’s Health Centre,

Derby Road,

Birkenhead,

Wirral,

CH42 0LQ",0151 514 2888,http://www.wirralct.nhs.uk/
,"Arrowe Park Hospital

Arrowe Park Road

Upton

Wirral

CH49 5PE",0151 678 5111,http://www.wuth.nhs.uk/
,"Charles Hastings Way

Worcester

WR5 1DD",01905 763333,https://www.worcsacute.nhs.uk/
,"Trust Headquarters

Royal Albert Edward Infirmary

Wigan Lane

Wigan

WN1 2NN",01942 244 000,http://www.wiganleigh.nhs.uk/
,"Stonebow Road

Hereford

HR1 2BN",01432 355444,https://www.wyevalley.nhs.uk/
,"Wigginton Road

York

YO31 8HE",01904 631 313,http://www.yorkhospitals.nhs.uk/
,"Trust Headquarters

Brindley Way

Wakefield 41 Business Park

Wakefield

WF2 0XQ",0333 130 0550,https://www.yas.nhs.uk/
